Bijan,G.A,Bijan@gmail.com,445521378,12-12-15,15-12-15,Studio Suite,2319,1020,confirmed
Bijan,Ghassemiafshar ,bijan-g.a@outlook.com,782740824,17-12-15,23-12-15,Superior Room,9419,750,not confirmed
Bijan,G.A,bijan-g.a@outlook.com,824725820,17-12-15,19-12-15,Deluxe Room,8519,360,confirmed
Bijan,Ghasemi Afshar,bijan.ghasemiafshar@gmail.com,9759284432,25-12-15,30-12-15,Studio Suite,4421,1700,not confirmed
Bijan,Ghassemiafshar ,bijan.ghasemiafshar@gmail.com,99752097524,31-12-15,04-01-16,Deluxe Suite,4116,1600,confirmed
Bijan,Ghassemiafshar ,bijan-g.a@outlook.com,7245082385,01-01-16,05-01-16,Studio Suite,9561,1360,confirmed
